Title,Company,Location,Link
[스프링온워드] 개발팀 백엔드 개발 (Node.js),(주)스프링온워드,경기,http://www.saramin.co.kr/zf_user/jobs/relay/view?isMypage=no&rec_idx=38583979
[스프링온워드] 클라이언트 개발 직군 채용 (iOS / Android),(주)스프링온워드,경기,http://www.saramin.co.kr/zf_user/jobs/relay/view?isMypage=no&rec_idx=38583958
[스프링온워드] UX / UI 시니어 디자이너 채용,(주)스프링온워드,경기,http://www.saramin.co.kr/zf_user/jobs/relay/view?isMypage=no&rec_idx=38759595
[스프링온워드] UX / UI 디자이너 채용,(주)스프링온워드,경기,http://www.saramin.co.kr/zf_user/jobs/relay/view?isMypage=no&rec_idx=38747361
[스프링온워드] 경영지원 (인사/총무) 채용,(주)스프링온워드,경기,http://www.saramin.co.kr/zf_user/jobs/relay/view?isMypage=no&rec_idx=38583965
[어센틱워드로브]  여성의류브랜드 디자이너 (대리급 채용),주식회사 어센틱워드로브,서울,http://www.saramin.co.kr/zf_user/jobs/relay/view?isMypage=no&rec_idx=38755894
[미래에셋대우] 편집(워드/PPT) / 디자인/기타업무(아르바이트),미래에셋대우 주식회사,서울,http://www.saramin.co.kr/zf_user/jobs/relay/view?isMypage=no&rec_idx=38686220
각종 워드 작업 및 사무 업무 담당자  모집,(주)오토피디아,부산,http://www.saramin.co.kr/zf_user/jobs/relay/view?isMypage=no&rec_idx=38731761
[ 평택/물류센터 사무보조 ] 문서/엑셀/워드/자차/월200만원,모닝인컨설팅,경기,http://www.saramin.co.kr/zf_user/jobs/relay/view?isMypage=no&rec_idx=38670812
"워드편집자 (머릿글, 바닥글, 단나누기, 서식입히기, 표)",(주)제이앤티커넥트,서울,http://www.saramin.co.kr/zf_user/jobs/relay/view?isMypage=no&rec_idx=38608956
영어학원 주말오전(토/일) 재시/워드 선생님모십니다.(시급만원),레전드 어학원,대구,http://www.saramin.co.kr/zf_user/jobs/relay/view?isMypage=no&rec_idx=38766885
사무보조·문서작성(워드·문서작성 외 3개 부문) 채용,(주)엔마이파트너스,경기,http://www.saramin.co.kr/zf_user/jobs/relay/view?isMypage=no&rec_idx=38624535
사무보조·문서작성(워드·문서작성外 4개 부문) 채용,베스트라이프,대구,http://www.saramin.co.kr/zf_user/jobs/relay/view?isMypage=no&rec_idx=38734302
"단어채점/감독/워드 경력무관 (시급10,000)",레전드 어학원,대구,http://www.saramin.co.kr/zf_user/jobs/relay/view?isMypage=no&rec_idx=38771862
"해외·무역영업(무역&중국어)운전/워드필수,남성,인근거주우대",지펙코리아,경기,http://www.saramin.co.kr/zf_user/jobs/relay/view?isMypage=no&rec_idx=38637073
사무보조·문서작성(워드·문서작성外 1개 부문) 채용,(주)태림종합건설,인천,http://www.saramin.co.kr/zf_user/jobs/relay/view?isMypage=no&rec_idx=38689612
워드·문서작성&문서관리&웹디자인 외 계약직 채용합니다 - 경력,(주)싸이큐어,서울,http://www.saramin.co.kr/zf_user/jobs/relay/view?isMypage=no&rec_idx=38505611
워드·문서작성&웹디자인&문서관리 외 정규직 채용합니다 - 경력,(주)싸이큐어,서울,http://www.saramin.co.kr/zf_user/jobs/relay/view?isMypage=no&rec_idx=38606533
사무보조/공무/워드·문서작성外 정규직 모집 공고(각 분야별),이호기술단(주),경기,http://www.saramin.co.kr/zf_user/jobs/relay/view?isMypage=no&rec_idx=38700950
경영지원팀 워드·문서작성 및 전산 입력편집 신입채용,(주)가야데이터,서울,http://www.saramin.co.kr/zf_user/jobs/relay/view?isMypage=no&rec_idx=38722678
2020 상반기 사무보조/워드·문서작성 외 경력무관 채용 공고,(주)에이앤비,경기,http://www.saramin.co.kr/zf_user/jobs/relay/view?isMypage=no&rec_idx=38683110
(신입&경력) 전화응대/워드·문서작성外 정규직 채용,(주)리와이에스인터내셔날,경기,http://www.saramin.co.kr/zf_user/jobs/relay/view?isMypage=no&rec_idx=38731307
2020 하반기 영업관리/워드·문서작성外 경력무관 채용,주식회사 포스텍,부산,http://www.saramin.co.kr/zf_user/jobs/relay/view?isMypage=no&rec_idx=38686992
"사무보조, 비서, 워드·문서작성 외 정규직 모집 공고(신입사원)",(주)내가미래다,서울,http://www.saramin.co.kr/zf_user/jobs/relay/view?isMypage=no&rec_idx=38764762
사무보조·문서작성(워드·문서작성 외 2개 부문)  모집,주식회사 셈,경기,http://www.saramin.co.kr/zf_user/jobs/relay/view?isMypage=no&rec_idx=38472091
사무보조·문서작성.전화 상담(워드·문서작성 외 3개 부문),(주)보트하우스,경기,http://www.saramin.co.kr/zf_user/jobs/relay/view?isMypage=no&rec_idx=38479534
2020 하반기 Excel·도표/워드·문서작성外 경력무관 채용,코어피앤씨(주),경북,http://www.saramin.co.kr/zf_user/jobs/relay/view?isMypage=no&rec_idx=38707620
"2020 하반기 워드·문서작성, 사무보조 경력무관 채용 공고",(주)자재피아,경기,http://www.saramin.co.kr/zf_user/jobs/relay/view?isMypage=no&rec_idx=38724147
2020 하반기 사무보조/워드·문서작성 경력무관 채용,(주)안센,경기,http://www.saramin.co.kr/zf_user/jobs/relay/view?isMypage=no&rec_idx=38732809
사무보조·문서작성(워드·문서작성 외 2개 부문) 채용,주식회사 셈,경기,http://www.saramin.co.kr/zf_user/jobs/relay/view?isMypage=no&rec_idx=38472073
"사무보조, 워드·문서작성外 정규직 채용합니다 - 경력",블랙박스코리아(주),서울,http://www.saramin.co.kr/zf_user/jobs/relay/view?isMypage=no&rec_idx=38572648
워드·문서작성 정규직 채용합니다 - 경력무관,(주)가온원자력,서울,http://www.saramin.co.kr/zf_user/jobs/relay/view?isMypage=no&rec_idx=38595622
"사무보조, 워드·문서작성, 총무 외 정규직 채용 - 경력무관",(주)동명택시,충북,http://www.saramin.co.kr/zf_user/jobs/relay/view?isMypage=no&rec_idx=38764581
2020 하반기 시각디자인/워드·문서작성/Java外 경력직 채용,(주)파디엠,광주,http://www.saramin.co.kr/zf_user/jobs/relay/view?isMypage=no&rec_idx=38689799
경리&워드·문서작성&사무보조 외 정규직 채용합니다 - 경력,주식회사 비파디자인그룹,제주,http://www.saramin.co.kr/zf_user/jobs/relay/view?isMypage=no&rec_idx=38667288
(경력무관) 워드·문서작성&환경판꾸미기 정규직 모집 공고,창의유치원,경기,http://www.saramin.co.kr/zf_user/jobs/relay/view?isMypage=no&rec_idx=38545723
"전화응대, 명세서입출력,워드·문서작성外",(주)토션장,경기,http://www.saramin.co.kr/zf_user/jobs/relay/view?isMypage=no&rec_idx=38673522
"사무보조, 워드·문서작성外 정규직&계약직 모집합니다(경력)",(주)어밸브,서울,http://www.saramin.co.kr/zf_user/jobs/relay/view?isMypage=no&rec_idx=38617492
"(경력무관) 경리, 워드·문서작성, 급여관리 외 정규직 채용",(주)케이비건설,경기,http://www.saramin.co.kr/zf_user/jobs/relay/view?isMypage=no&rec_idx=38731978
사무보조/워드·문서작성外 / 유통업무관리 / 홈페이지관리 관리,(주)씨씨더블유,서울,http://www.saramin.co.kr/zf_user/jobs/relay/view?isMypage=no&rec_idx=38727098
"사무보조, 워드·문서작성 외 정규직 모집합니다(경력무관)",(주) 제티오,서울,http://www.saramin.co.kr/zf_user/jobs/relay/view?isMypage=no&rec_idx=38604003
Excel·워드작성 및 컴퓨터 활용 우수자 아르바이트 모집 공고,세무법인 MG,서울,http://www.saramin.co.kr/zf_user/jobs/relay/view?isMypage=no&rec_idx=38751919
[신입/경력] 워드·문서작성&문서관리&공무 외 정규직 채용,주식회사탑토건,서울,http://www.saramin.co.kr/zf_user/jobs/relay/view?isMypage=no&rec_idx=38687855
사무보조·문서작성(워드·문서작성 외 2개 부문) 모집,성진시스템,경기,http://www.saramin.co.kr/zf_user/jobs/relay/view?isMypage=no&rec_idx=38749320
사무보조·문서작성(워드·문서작성外 1개 부문) 채용,(주)제스트팜,서울,http://www.saramin.co.kr/zf_user/jobs/relay/view?isMypage=no&rec_idx=38770690
PHP 개발자 경력직 채용공고,(주)워드바이스,서울,http://www.saramin.co.kr/zf_user/jobs/relay/view?isMypage=no&rec_idx=38603091
일본 마케팅 매니저 채용,(주)워드바이스,서울,http://www.saramin.co.kr/zf_user/jobs/relay/view?isMypage=no&rec_idx=38528306
번역 프리랜서 채용 공고(각 부문별),(주)워드바이스,서울,http://www.saramin.co.kr/zf_user/jobs/relay/view?isMypage=no&rec_idx=38592123
[신입&경력] 브랜드 마케팅·시장조사·분석·네이밍 외 정규직,인워드브랜딩,서울,http://www.saramin.co.kr/zf_user/jobs/relay/view?isMypage=no&rec_idx=38646022
온라인 판매가 가능한 능력있는 식품MD를 찾고 있습니다.(경력),(주)온워드앤파트너스,경기,http://www.saramin.co.kr/zf_user/jobs/relay/view?isMypage=no&rec_idx=38705930
"홈쇼핑보조,온라인AMD 정규직 채용",(주)온워드앤파트너스,경기,http://www.saramin.co.kr/zf_user/jobs/relay/view?isMypage=no&rec_idx=38681633
전기·전자·제어 정규직 채용(신입/경력),에스리워드주식회사,경기,http://www.saramin.co.kr/zf_user/jobs/relay/view?isMypage=no&rec_idx=38729995
재무/회계 경력사원 채용 - 정규직&계약직,주식회사 어센틱워드로브,서울,http://www.saramin.co.kr/zf_user/jobs/relay/view?isMypage=no&rec_idx=38665378
"경리부, 상동 회계·재무·세무·IR 정규직 채용",에스리워드주식회사,경기,http://www.saramin.co.kr/zf_user/jobs/relay/view?isMypage=no&rec_idx=38653445
영문교정/번역 기관 세일즈 및 마케팅 경력직 채용,(주)워드바이스,서울,http://www.saramin.co.kr/zf_user/jobs/relay/view?isMypage=no&rec_idx=38753111
"웹,APP,퍼브리싱,디자인,WordPress 담당자 모집",아이비지소프트,대전,http://www.saramin.co.kr/zf_user/jobs/relay/view?isMypage=no&rec_idx=38767837
"웹,APP,퍼브리싱,디자인,WordPress 자신 있으신 분  모집",아이비지소프트,대전,http://www.saramin.co.kr/zf_user/jobs/relay/view?isMypage=no&rec_idx=38723086
기계설계(Auto Cad)·방산원가 각 부문별 채용,(주)엠티지,충남,http://www.saramin.co.kr/zf_user/jobs/relay/view?isMypage=no&rec_idx=38586428
6개월 아르바이트생 모집/일반 IT행정/VBA개발 행정지원,프라이메탈스테크놀리지스코리아(유),서울,http://www.saramin.co.kr/zf_user/jobs/relay/view?isMypage=no&rec_idx=38765810
재택 근무 회계·재무·세무·IR 경력사원 채용,SAM Corp(에스에이엠 코프),경기,http://www.saramin.co.kr/zf_user/jobs/relay/view?isMypage=no&rec_idx=38707784
설계·CAD·CAM 정규직 채용 공고(경력),다우시스템(주),경기,http://www.saramin.co.kr/zf_user/jobs/relay/view?isMypage=no&rec_idx=38574313
ASML KOREA 2020년 하반기 각부문별 신입/경력 채용,에이에스엠엘코리아(주),경기,http://www.saramin.co.kr/zf_user/jobs/relay/view?isMypage=no&rec_idx=38763757
[월218만/평일만] MS Office 이용고객 기술지원 인바운드 Mm3A,(주)트랜스코스모스코리아,서울,http://www.saramin.co.kr/zf_user/jobs/relay/view?isMypage=no&rec_idx=38764456
[외국계] 2020 ZEISS Korea 수시채용,칼자이스(주),서울,http://www.saramin.co.kr/zf_user/jobs/relay/view?isMypage=no&rec_idx=38763722
[쿠팡] 총무 담당자 (계약직),쿠팡 주식회사,서울,http://www.saramin.co.kr/zf_user/jobs/relay/view?isMypage=no&rec_idx=38764359
[쿠팡] 총무 담당자 (경력 정규직),쿠팡 주식회사,서울,http://www.saramin.co.kr/zf_user/jobs/relay/view?isMypage=no&rec_idx=38620419
[쿠팡] Reception 담당자 (계약직),쿠팡 주식회사,서울,http://www.saramin.co.kr/zf_user/jobs/relay/view?isMypage=no&rec_idx=38618687
한국필립모리스㈜ CMI System Analyst (시스템 유지 보수)-계약,한국필립모리스(주),서울,http://www.saramin.co.kr/zf_user/jobs/relay/view?isMypage=no&rec_idx=38747593
[한국 휴렛팩커드] LR/ER Leader (이사급),한국휴렛팩커드(유),서울,http://www.saramin.co.kr/zf_user/jobs/relay/view?isMypage=no&rec_idx=38670208
㈜ABB코리아 Sales Manager 경력 채용,㈜ABB코리아,서울,http://www.saramin.co.kr/zf_user/jobs/relay/view?isMypage=no&rec_idx=38654409
[한국 휴렛팩커드] Telco Business Development Management,한국휴렛팩커드(유),서울,http://www.saramin.co.kr/zf_user/jobs/relay/view?isMypage=no&rec_idx=38651360
"기술지원 엔지니어(신입/경력직, 팀원)",존슨콘트롤즈인터내셔널코리아㈜,서울,http://www.saramin.co.kr/zf_user/jobs/relay/view?isMypage=no&rec_idx=38757799
오라클 통신사업 솔루션 기술컨설턴트,한국오라클(유),서울,http://www.saramin.co.kr/zf_user/jobs/relay/view?isMypage=no&rec_idx=38493042
[Sanofi/사노피] Vaccine Medical Lead,사노피아벤티스,서울,http://www.saramin.co.kr/zf_user/jobs/relay/view?isMypage=no&rec_idx=38664754
[Sanofi/사노피] Regulatory Affairs Specialist,사노피아벤티스,서울,http://www.saramin.co.kr/zf_user/jobs/relay/view?isMypage=no&rec_idx=38664813
한국오라클 DB 기술지원 장애처리,한국오라클(유),서울,http://www.saramin.co.kr/zf_user/jobs/relay/view?isMypage=no&rec_idx=38664907
한국오라클 DB & Exadata Technical Consultant,한국오라클(유),서울,http://www.saramin.co.kr/zf_user/jobs/relay/view?isMypage=no&rec_idx=38664305
[Sanofi/사노피] Medical Science Liaison (Cardio-Vascular),사노피아벤티스,서울,http://www.saramin.co.kr/zf_user/jobs/relay/view?isMypage=no&rec_idx=38664796
[한국MSD]CTC 채용(1년 계약근무),한국엠에스디(유),서울,http://www.saramin.co.kr/zf_user/jobs/relay/view?isMypage=no&rec_idx=38758653
[Sanofi/사노피] Legal Counsel,사노피아벤티스,서울,http://www.saramin.co.kr/zf_user/jobs/relay/view?isMypage=no&rec_idx=38664786
디지털마케팅-대리급 / 국내 IOT회사,(주)맨파워코리아,경기,http://www.saramin.co.kr/zf_user/jobs/relay/view?isMypage=no&rec_idx=38738143
디지털마케팅 (사원대리급) / 국내 IOT회사,(주)맨파워코리아,경기,http://www.saramin.co.kr/zf_user/jobs/relay/view?isMypage=no&rec_idx=38715994
솔루션 기획담당(과장급) / 국내 ICT 회사,(주)맨파워코리아,경기,http://www.saramin.co.kr/zf_user/jobs/relay/view?isMypage=no&rec_idx=38716022
해외영업(일본) 담당-과차장급 / 국내 ICT회사,(주)맨파워코리아,경기,http://www.saramin.co.kr/zf_user/jobs/relay/view?isMypage=no&rec_idx=38738188
외국계 화학회사Process Engineer(대리과장급),(주)맨파워코리아,경기,http://www.saramin.co.kr/zf_user/jobs/relay/view?isMypage=no&rec_idx=38715979
영업지원담당(대리급) / 국내 IT회사,(주)맨파워코리아,경기,http://www.saramin.co.kr/zf_user/jobs/relay/view?isMypage=no&rec_idx=38738090
전문영역별 경력 컨설턴트 및 컨설턴트 Trainee 모집,(주)맨파워코리아,서울,http://www.saramin.co.kr/zf_user/jobs/relay/view?isMypage=no&rec_idx=38584600
Equipment Sales Leader 팀장급 / 외국계 장비사,(주)맨파워코리아,경기,http://www.saramin.co.kr/zf_user/jobs/relay/view?isMypage=no&rec_idx=38716009
[EY한영] 경영지원본부 BMC팀 경력직 모집,한영회계법인,서울,http://www.saramin.co.kr/zf_user/jobs/relay/view?isMypage=no&rec_idx=38753243
[EY한영] 2020 장애인 인턴 채용 공고,한영회계법인,서울,http://www.saramin.co.kr/zf_user/jobs/relay/view?isMypage=no&rec_idx=38753059
[EY한영] 감사본부 포렌식 서비스팀 경력직 모집,한영회계법인,서울,http://www.saramin.co.kr/zf_user/jobs/relay/view?isMypage=no&rec_idx=38753206
[EY한영] 경영지원본부 BMC팀 Digital Marketing 경력직 모집,한영회계법인,서울,http://www.saramin.co.kr/zf_user/jobs/relay/view?isMypage=no&rec_idx=38753176
Fertility Technology Embryologist(1년 계약직),머크(주),서울,http://www.saramin.co.kr/zf_user/jobs/relay/view?isMypage=no&rec_idx=38555821
[Foot Locker/글로벌 편집샵]홍대 매장관리 Manager채용(정규직),(주)아데코코리아,서울,http://www.saramin.co.kr/zf_user/jobs/relay/view?isMypage=no&rec_idx=38750736
"RA Specialist 사원급, 1년계약직",지이헬스케어코리아(주),서울,http://www.saramin.co.kr/zf_user/jobs/relay/view?isMypage=no&rec_idx=38736729
[신논현/의료기기기업] 소프트웨어 개발자 채용,(주)아데코코리아,서울,http://www.saramin.co.kr/zf_user/jobs/relay/view?isMypage=no&rec_idx=38763366
[존슨앤드존슨 메디칼] Professional Sales Representative,존슨앤드존슨,서울,http://www.saramin.co.kr/zf_user/jobs/relay/view?isMypage=no&rec_idx=38739893
[얀센백신] Sr. QC Analyst,존슨앤드존슨,인천,http://www.saramin.co.kr/zf_user/jobs/relay/view?isMypage=no&rec_idx=38739887
[존슨앤드존슨 메디칼] Finance Admin Associate-취업보호대상,존슨앤드존슨,서울,http://www.saramin.co.kr/zf_user/jobs/relay/view?isMypage=no&rec_idx=38739886
[존슨앤드존슨 컨슈머] Brand Manager,존슨앤드존슨,서울,http://www.saramin.co.kr/zf_user/jobs/relay/view?isMypage=no&rec_idx=38739891
[존슨앤드존슨 서지컬비전] Product Manager,존슨앤드존슨,서울,http://www.saramin.co.kr/zf_user/jobs/relay/view?isMypage=no&rec_idx=38739894
Sales Account Manager (EV Battery) 모집,로크웰오토메이션코리아(주),서울,http://www.saramin.co.kr/zf_user/jobs/relay/view?isMypage=no&rec_idx=38684666
치과용 의료장비(Unit chair) 제조/생산,오스템임플란트(주),경기,http://www.saramin.co.kr/zf_user/jobs/relay/view?isMypage=no&rec_idx=38727027
"[동탄/화성/중식비, 교통비 제공] 대기업 CAD사무직 채용",(주)국제기획컨설팅,경기,http://www.saramin.co.kr/zf_user/jobs/relay/view?isMypage=no&rec_idx=38675824
BULLSONE 불스원서비스㈜ 재무팀 신입사원 모집,불스원서비스(주),서울,http://www.saramin.co.kr/zf_user/jobs/relay/view?isMypage=no&rec_idx=38627407
[Legacy Versum] Quality Manager 경력 채용(정규직) (울산),버슘머트리얼즈코리아,울산,http://www.saramin.co.kr/zf_user/jobs/relay/view?isMypage=no&rec_idx=38742645
[한국얀센] Sr. Regulatory Affairs Specialist,존슨앤드존슨,서울,http://www.saramin.co.kr/zf_user/jobs/relay/view?isMypage=no&rec_idx=38739921
[존슨앤드존슨 비전] Territory Sales Manager - Equipment,존슨앤드존슨,서울,http://www.saramin.co.kr/zf_user/jobs/relay/view?isMypage=no&rec_idx=38739922
[존슨앤드존슨 컨슈머] Associate RA Specialist - Pharmacist,존슨앤드존슨,서울,http://www.saramin.co.kr/zf_user/jobs/relay/view?isMypage=no&rec_idx=38739925
[Legacy Versum] QA Engineer 경력직 (평택 근무),버슘머트리얼즈코리아,경기,http://www.saramin.co.kr/zf_user/jobs/relay/view?isMypage=no&rec_idx=38568992
IT영업관리 신입/경력직 채용,대상정보기술(주),서울,http://www.saramin.co.kr/zf_user/jobs/relay/view?isMypage=no&rec_idx=38756539
지멘스헬시니어스 초음파연구소(분당) PMCD Team Admin Intern,지멘스헬시니어스(주),경기,http://www.saramin.co.kr/zf_user/jobs/relay/view?isMypage=no&rec_idx=38744509
지멘스헬시니어스(주) Sales Account Manager 채용,지멘스헬시니어스(주),서울,http://www.saramin.co.kr/zf_user/jobs/relay/view?isMypage=no&rec_idx=38664927
품질보증 담당업무,한국TSK주식회사,경남,http://www.saramin.co.kr/zf_user/jobs/relay/view?isMypage=no&rec_idx=38629720
[SK렌터카] 상품마케팅 / 회계 담당자 수시채용,에스케이렌터카(주),서울,http://www.saramin.co.kr/zf_user/jobs/relay/view?isMypage=no&rec_idx=38722886
"Business Development Manager, GSD/CSD",써모피셔사이언티픽 코리아 (주),서울,http://www.saramin.co.kr/zf_user/jobs/relay/view?isMypage=no&rec_idx=38697161
[얀센 백신] Associate QC Technician,(주)존슨앤드존슨,인천,http://www.saramin.co.kr/zf_user/jobs/relay/view?isMypage=no&rec_idx=38747110
Occupational Health Nurse,(주)존슨앤드존슨,서울,http://www.saramin.co.kr/zf_user/jobs/relay/view?isMypage=no&rec_idx=38747117
Strategic Marketing & BD Manager Specialty Diagnostics Group,써모피셔사이언티픽 코리아 (주),서울,http://www.saramin.co.kr/zf_user/jobs/relay/view?isMypage=no&rec_idx=38697017
[존슨앤드존슨 컨슈머] QC Engineer,(주)존슨앤드존슨,충북,http://www.saramin.co.kr/zf_user/jobs/relay/view?isMypage=no&rec_idx=38747126
[지피클럽] JMsolution 화장품 VMD 담당자 채용,(주)지피클럽,서울,http://www.saramin.co.kr/zf_user/jobs/relay/view?isMypage=no&rec_idx=38757944
Legal Assistant (Intern),(주)페르노리카코리아,서울,http://www.saramin.co.kr/zf_user/jobs/relay/view?isMypage=no&rec_idx=38742017
범진아이엔디 기술연구소 경력직 모집,범진아이엔디(주)금형,경기,http://www.saramin.co.kr/zf_user/jobs/relay/view?isMypage=no&rec_idx=38601518
[IPSOS] 마케팅 리서치(브랜드 전략 및 광고) 경력 연구원 모집,입소스 주식회사(IPSOS),서울,http://www.saramin.co.kr/zf_user/jobs/relay/view?isMypage=no&rec_idx=38687411
[제주신화월드] 객실부 Housekeeping 주임급 인재채용,람정제주개발(주),제주,http://www.saramin.co.kr/zf_user/jobs/relay/view?isMypage=no&rec_idx=38752782
[제주신화월드] 보안팀 Coordinator (사원급) 인재 채용,람정제주개발(주),제주,http://www.saramin.co.kr/zf_user/jobs/relay/view?isMypage=no&rec_idx=38753099
볼로레로지스틱스 Logistics Solution Manager,볼로레로지스틱스코리아(주),경기,http://www.saramin.co.kr/zf_user/jobs/relay/view?isMypage=no&rec_idx=38586983
[DB하이텍] English Technical Writer(TW) 인턴사원 채용,(주)DB하이텍,경기,http://www.saramin.co.kr/zf_user/jobs/relay/view?isMypage=no&rec_idx=38706004
아이나비 인사팀 신입 모집,팅크웨어(주),경기,http://www.saramin.co.kr/zf_user/jobs/relay/view?isMypage=no&rec_idx=38772604
[Lionbridge] Business Development(영업) 5년 이상 경력 채용,(주)라이온브리지테크놀로지스코리아,서울,http://www.saramin.co.kr/zf_user/jobs/relay/view?isMypage=no&rec_idx=38669092
"(주)원익머트리얼즈 R&D, 기계설계, 오퍼레이터 신입/경력 모집",㈜원익머트리얼즈,충북,http://www.saramin.co.kr/zf_user/jobs/relay/view?isMypage=no&rec_idx=38682841
[DHL] Security Lead (과장급 이상),DHL Supply Chain Korea,서울,http://www.saramin.co.kr/zf_user/jobs/relay/view?isMypage=no&rec_idx=38574582
[(주)블리스팩]품질보증팀 각 부문별 경력직 채용,(주)블리스팩,경기,http://www.saramin.co.kr/zf_user/jobs/relay/view?isMypage=no&rec_idx=38552139
[(주)블리스팩] 화장품 연구 보조원 신입채용,(주)블리스팩,경기,http://www.saramin.co.kr/zf_user/jobs/relay/view?isMypage=no&rec_idx=38727548
리서치 프로젝트 매니저(신입~과장) 모집,(주)마크로밀엠브레인,서울,http://www.saramin.co.kr/zf_user/jobs/relay/view?isMypage=no&rec_idx=38606973
[LionbridgeKorea] Localization Project Manager 경력 채용,(주)라이온브리지테크놀로지스코리아,서울,http://www.saramin.co.kr/zf_user/jobs/relay/view?isMypage=no&rec_idx=38711868
다날 솔루션 제휴/기획 경력사원 채용,㈜다날,경기,http://www.saramin.co.kr/zf_user/jobs/relay/view?isMypage=no&rec_idx=38742298
[글로벌마켓운영팀] 일본 마켓 운영 담당자 모집,카페24㈜,서울,http://www.saramin.co.kr/zf_user/jobs/relay/view?isMypage=no&rec_idx=38666832
소프트웨어 품질관리(QA/AI 테스팅) 모집,(주)인텔리빅스,서울,http://www.saramin.co.kr/zf_user/jobs/relay/view?isMypage=no&rec_idx=38494740
[경력무관] 생산기술 신입사원 모집공고,(주)태경포리마,경기,http://www.saramin.co.kr/zf_user/jobs/relay/view?isMypage=no&rec_idx=38727862
[중식제공+교통비]두산중공업 문서관리(DC) 사무직 채용,아이비커리어㈜,서울,http://www.saramin.co.kr/zf_user/jobs/relay/view?isMypage=no&rec_idx=38654525
"(중식제공/두산그룹)연3,240만,수출입 통관관리, 매출관리 사무",(주)사람인에이치에스,경기,http://www.saramin.co.kr/zf_user/jobs/relay/view?isMypage=no&rec_idx=38740374
(주)엘아이에스 자회사 NOA 정규직 사원 모집,(주)엘아이에스,경기,http://www.saramin.co.kr/zf_user/jobs/relay/view?isMypage=no&rec_idx=38701608
[RF 세라믹 통신 부품]연구소 재료개발 신입/경력직 연구원 채용,㈜RN2테크놀로지,경기,http://www.saramin.co.kr/zf_user/jobs/relay/view?isMypage=no&rec_idx=38695738
[중식제공+교통비]두산중공업 본사 행정서무 및 CAD직,아이비커리어㈜,서울,http://www.saramin.co.kr/zf_user/jobs/relay/view?isMypage=no&rec_idx=38725893
[서울 중구] 회계직 인재 채용,(주)우신켐텍,서울,http://www.saramin.co.kr/zf_user/jobs/relay/view?isMypage=no&rec_idx=38692277
제주신화월드 카지노 Surveillance Technician,람정엔터테인먼트코리아 주식회사,제주,http://www.saramin.co.kr/zf_user/jobs/relay/view?isMypage=no&rec_idx=38659636
[교통비/중식제공]두산중공업 동탄 CAD 설계직 채용,아이비커리어㈜,경기,http://www.saramin.co.kr/zf_user/jobs/relay/view?isMypage=no&rec_idx=38664619
[BURBERRY] 세일즈 채용,버버리코리아(주),서울전체,http://www.saramin.co.kr/zf_user/jobs/relay/view?isMypage=no&rec_idx=38616830
[합정/연3000이상] 글로벌항공운송기업 Marketing admin 채용,(주)맨파워그룹코리아,서울,http://www.saramin.co.kr/zf_user/jobs/relay/view?isMypage=no&rec_idx=38753912
[양재역/성과급有] 미국계 운송회사 지점 배송기사 모집,(주)맨파워그룹코리아,서울,http://www.saramin.co.kr/zf_user/jobs/relay/view?isMypage=no&rec_idx=38753920
[인천공항/연 3000만 이상]항공화물 수출부 담당자 채용,(주)맨파워그룹코리아,인천,http://www.saramin.co.kr/zf_user/jobs/relay/view?isMypage=no&rec_idx=38753919
[청담/5개월] 이탈리아유명명품브랜드 CRM Specialist 채용,(주)맨파워그룹코리아,서울,http://www.saramin.co.kr/zf_user/jobs/relay/view?isMypage=no&rec_idx=38758332
[울산]아웃소싱-온산읍 교육관리사무직 모집,(주)위더스,울산,http://www.saramin.co.kr/zf_user/jobs/relay/view?isMypage=no&rec_idx=38762806
"[인천공항/3,000만원 이상] 글로벌 항공운송회사 수입부 채용",(주)맨파워그룹코리아,인천,http://www.saramin.co.kr/zf_user/jobs/relay/view?isMypage=no&rec_idx=38738379
"[고양,일산/성과급有] 미국계 운송회사 지점 배송기사 채용",(주)맨파워그룹코리아,경기,http://www.saramin.co.kr/zf_user/jobs/relay/view?isMypage=no&rec_idx=38645271
[마켓컬리] 남양주 물류센터 채용팀 모집,(주)컬리,경기,http://www.saramin.co.kr/zf_user/jobs/relay/view?isMypage=no&rec_idx=38763802
[합정역/성과급有] 글로벌항공운송기업 Sales Admin 모집,(주)맨파워그룹코리아,서울,http://www.saramin.co.kr/zf_user/jobs/relay/view?isMypage=no&rec_idx=38713399
[경기광주/성과급有] 미국계 운송회사 지점 배송기사 모집,(주)맨파워그룹코리아,경기,http://www.saramin.co.kr/zf_user/jobs/relay/view?isMypage=no&rec_idx=38649067
[서울-두산중공업] Plant EPC EM1팀 사무 파견직 채용(~8/27),한얼엔지니어링,서울,http://www.saramin.co.kr/zf_user/jobs/relay/view?isMypage=no&rec_idx=38650609
[역삼] 글로벌 화학기업 Invoice 발행 담당자 경력직 채용,(주)맨파워그룹코리아,서울,http://www.saramin.co.kr/zf_user/jobs/relay/view?isMypage=no&rec_idx=38762983
[동탄/경력직] 외국계 반도체 장비 회사 Sales Admin 채용,(주)맨파워그룹코리아,서울,http://www.saramin.co.kr/zf_user/jobs/relay/view?isMypage=no&rec_idx=38618974
[충정로] 외국계 전기전자 대기업 영업지원 (소방설비),(주)맨파워그룹코리아,서울,http://www.saramin.co.kr/zf_user/jobs/relay/view?isMypage=no&rec_idx=38755162
"[GE Appliances, a Haier company] Software Development Intern",(주)맨파워그룹코리아,경기,http://www.saramin.co.kr/zf_user/jobs/relay/view?isMypage=no&rec_idx=38773031
[공덕/초대졸] 복합운송기업 대표이사비서 모집 (신입가능),(주)맨파워그룹코리아,서울,http://www.saramin.co.kr/zf_user/jobs/relay/view?isMypage=no&rec_idx=38773283
"[평택]글로벌 반도체 기업, SAP ERP Resource 포지션 채용",(주)맨파워그룹코리아,경기,http://www.saramin.co.kr/zf_user/jobs/relay/view?isMypage=no&rec_idx=38773389
"[평택] 글로벌 반도체 기업, On-Site Support 포지션 채용",(주)맨파워그룹코리아,경기,http://www.saramin.co.kr/zf_user/jobs/relay/view?isMypage=no&rec_idx=38773307
"[한국화웨이/마곡] Wireless Test Engineer (4G,5G,LTE)",켈리서비스 유한회사,서울,http://www.saramin.co.kr/zf_user/jobs/relay/view?isMypage=no&rec_idx=38755621
[화웨이/중국어] Product Manager Assistant(장치관리/이공계),켈리서비스 유한회사,서울,http://www.saramin.co.kr/zf_user/jobs/relay/view?isMypage=no&rec_idx=38755640
[용산/외국계학술출판] Marketing Assistant(영어/인턴경력이상),켈리서비스 유한회사,서울,http://www.saramin.co.kr/zf_user/jobs/relay/view?isMypage=no&rec_idx=38762877
[경기이천/일본어] 예산/실산 및 사무업무 (신입지원가능),켈리서비스 유한회사,경기,http://www.saramin.co.kr/zf_user/jobs/relay/view?isMypage=no&rec_idx=38708339
[외국계상장기업/생명과학] Marketing Specialist (신입 가능),켈리서비스 유한회사,서울,http://www.saramin.co.kr/zf_user/jobs/relay/view?isMypage=no&rec_idx=38682995
[경기성남/종합수처리기업] 수질관련 연구보조직 (신입가능),켈리서비스 유한회사,경기,http://www.saramin.co.kr/zf_user/jobs/relay/view?isMypage=no&rec_idx=38684652
[압구정/스포츠패션브랜드] 배송관리&고객지원cs (정규직전환可),켈리서비스 유한회사,서울,http://www.saramin.co.kr/zf_user/jobs/relay/view?isMypage=no&rec_idx=38707901
[용인/ 미국계 제약 진단 A사] 연구소 Assistant 채용,켈리서비스 유한회사,서울,http://www.saramin.co.kr/zf_user/jobs/relay/view?isMypage=no&rec_idx=38642834
[정규직/엔지니어링기업] B2B 고객지원(CS/영어) 경력,켈리서비스 유한회사,서울,http://www.saramin.co.kr/zf_user/jobs/relay/view?isMypage=no&rec_idx=38718962
[청담/어패럴회사] 원단 샘플링 및 사무보조 (일본어가능자),켈리서비스 유한회사,서울,http://www.saramin.co.kr/zf_user/jobs/relay/view?isMypage=no&rec_idx=38763320
[용인/현대계열사] 사무행정 채용 (신입가능/연4000만원),켈리서비스 유한회사,경기,http://www.saramin.co.kr/zf_user/jobs/relay/view?isMypage=no&rec_idx=38707101
[인천/외국계] 인사팀 채용 (신입가능/셔틀버스운행),켈리서비스 유한회사,인천,http://www.saramin.co.kr/zf_user/jobs/relay/view?isMypage=no&rec_idx=38757910
"[중구/외국계물류] 항공CS, 수출입업무 (일본어가능자)",켈리서비스 유한회사,서울,http://www.saramin.co.kr/zf_user/jobs/relay/view?isMypage=no&rec_idx=38738306
[자동차B사 미래재단] Future Fund Planning & Management 채용,켈리서비스 유한회사,서울,http://www.saramin.co.kr/zf_user/jobs/relay/view?isMypage=no&rec_idx=38677194
[압구정로데오역/외국계기업] Global Infrastructure Analyst,켈리서비스 유한회사,서울,http://www.saramin.co.kr/zf_user/jobs/relay/view?isMypage=no&rec_idx=38720217
"[압구정/국내스포츠마케팅사/3개월] 판매채널, 마케팅 지원 업무",켈리서비스 유한회사,서울,http://www.saramin.co.kr/zf_user/jobs/relay/view?isMypage=no&rec_idx=38718162
[용인/ 미국계 진단 제약사] 연구소내 R&D 채용,켈리서비스 유한회사,서울,http://www.saramin.co.kr/zf_user/jobs/relay/view?isMypage=no&rec_idx=38680403
[외국계기업] 재무팀 회계지원 채용건 (10개월/경력1년이상),켈리서비스 유한회사,서울,http://www.saramin.co.kr/zf_user/jobs/relay/view?isMypage=no&rec_idx=38660540
"[한국화웨이/영어or중국어] IT Engineer (서버유지보수, ICT)",켈리서비스 유한회사,서울,http://www.saramin.co.kr/zf_user/jobs/relay/view?isMypage=no&rec_idx=38755628
[중구/외국계플랜트기업] 경리 총무직 경력 (영어 or 일본어),켈리서비스 유한회사,서울,http://www.saramin.co.kr/zf_user/jobs/relay/view?isMypage=no&rec_idx=38707865
"[강남/외국계/일본어] 무역, 수발주, 납기관리 경력자채용",켈리서비스 유한회사,서울,http://www.saramin.co.kr/zf_user/jobs/relay/view?isMypage=no&rec_idx=38628493
무선통신사 통합운영센터 조직관리 총관리자(센터장) 채용,(주)그린피플,서울,http://www.saramin.co.kr/zf_user/jobs/relay/view?isMypage=no&rec_idx=38692780
문서 편집 및 사무보조 계약직 사원 채용,(주)팬트랜스넷,서울,http://www.saramin.co.kr/zf_user/jobs/relay/view?isMypage=no&rec_idx=38665315
[경력] 농산물 검정기관 영업사원 채용,㈜산업공해연구소,서울,http://www.saramin.co.kr/zf_user/jobs/relay/view?isMypage=no&rec_idx=38702761
[신입/경력] 대기 / 소음진동기사 측정분야 채용,㈜산업공해연구소,서울,http://www.saramin.co.kr/zf_user/jobs/relay/view?isMypage=no&rec_idx=38702721
[신입/경력] 환경영향평가 실무자 채용,㈜산업공해연구소,서울,http://www.saramin.co.kr/zf_user/jobs/relay/view?isMypage=no&rec_idx=38702734
카시나 오프라인 스토어 매장직채용 (카시나 한남점),㈜카시나,서울,http://www.saramin.co.kr/zf_user/jobs/relay/view?isMypage=no&rec_idx=38558260
마케팅 기획 및 운영 경력 담당자 모집,엠포플러스(주),서울,http://www.saramin.co.kr/zf_user/jobs/relay/view?isMypage=no&rec_idx=38741392
[갈더마코리아] 제약사업부 마케팅 팀 인턴 채용(~ 4개월),갈더마코리아(주),서울,http://www.saramin.co.kr/zf_user/jobs/relay/view?isMypage=no&rec_idx=38566274
"카시나 오프라인 스토어 매장직채용 (스투시서울,압구정점)",㈜카시나,서울,http://www.saramin.co.kr/zf_user/jobs/relay/view?isMypage=no&rec_idx=38675818
[경력] 환경 분석 연구원 채용,㈜산업공해연구소,서울,http://www.saramin.co.kr/zf_user/jobs/relay/view?isMypage=no&rec_idx=38702746
(주)씨텍메디칼  영업관리 우수인재 모집 (신입/경력),(주)씨텍메디칼,경기,http://www.saramin.co.kr/zf_user/jobs/relay/view?isMypage=no&rec_idx=38716503
[BURBERRY] 세일즈 채용,버버리코리아,서울,http://www.saramin.co.kr/zf_user/jobs/relay/view?isMypage=no&rec_idx=38546423
카시나 오프라인 스토어 매장직채용 (카시나 1997 ),㈜카시나,서울,http://www.saramin.co.kr/zf_user/jobs/relay/view?isMypage=no&rec_idx=38558265
"[인천공항/연3,000이상] 글로벌 항공운송사 수출화물 담당자모집",(주)맨파워그룹코리아,인천,http://www.saramin.co.kr/zf_user/jobs/relay/view?isMypage=no&rec_idx=38718307
[용산구] 생명공학기업 / 고위 임원 수행기사 채용 (남성 마감),(주)맨파워그룹코리아,서울,http://www.saramin.co.kr/zf_user/jobs/relay/view?isMypage=no&rec_idx=38761720
[재무회계/경력/대졸] 한국쓰리엠(3M) 제조물류본부 채용,(주)맨파워그룹코리아,서울,http://www.saramin.co.kr/zf_user/jobs/relay/view?isMypage=no&rec_idx=38747060
[여의도/근무환경우수] 한국쓰리엠 구매부 채용 (산휴대체1Y),(주)맨파워그룹코리아,서울,http://www.saramin.co.kr/zf_user/jobs/relay/view?isMypage=no&rec_idx=38747080
[신입가능] 글로벌 장난감 제조회사 Digital Marketing Admin.,(주)맨파워그룹코리아,서울,http://www.saramin.co.kr/zf_user/jobs/relay/view?isMypage=no&rec_idx=38714916
[서울역/3M/연봉상위] 외국계제조사 HR Admin 경력자 채용,(주)맨파워그룹코리아,서울,http://www.saramin.co.kr/zf_user/jobs/relay/view?isMypage=no&rec_idx=38746060
연3천만원이상/외국계자동차금융사 - Payment/billing 담당 채용,(주)맨파워그룹코리아,서울,http://www.saramin.co.kr/zf_user/jobs/relay/view?isMypage=no&rec_idx=38668888
[마켓컬리] 상품 발주 및 관리 SCM 담당자 채용,(주)컬리,서울,http://www.saramin.co.kr/zf_user/jobs/relay/view?isMypage=no&rec_idx=38739753
[강남구/경력별협의]글로벌타이어기업 SAP 및 고객관리 채용(2Y),(주)맨파워그룹코리아,서울,http://www.saramin.co.kr/zf_user/jobs/relay/view?isMypage=no&rec_idx=38685257
[대졸/신입/Excel/생산관리부] 외국계소비재기업 사무직 채용,(주)맨파워그룹코리아,서울,http://www.saramin.co.kr/zf_user/jobs/relay/view?isMypage=no&rec_idx=38672939
[대졸/재무/회계/경력] 외국계소비재 제조물류팀 채용,(주)맨파워그룹코리아,서울,http://www.saramin.co.kr/zf_user/jobs/relay/view?isMypage=no&rec_idx=38731352
[마켓컬리] HR 인사 기획 실무 담당자 채용,(주)컬리,서울,http://www.saramin.co.kr/zf_user/jobs/relay/view?isMypage=no&rec_idx=38758079
[경남/충남/경북] 농자재 영업 경력직,(주)맨파워그룹코리아,부산,http://www.saramin.co.kr/zf_user/jobs/relay/view?isMypage=no&rec_idx=38742259
[송파구/유관경력필수] 의류벤더 샘플지원 채용(3M-),(주)맨파워그룹코리아,서울,http://www.saramin.co.kr/zf_user/jobs/relay/view?isMypage=no&rec_idx=38633417
[연봉상위] 외국계 제약사 PV Associate 채용,(주)맨파워그룹코리아,서울,http://www.saramin.co.kr/zf_user/jobs/relay/view?isMypage=no&rec_idx=38706982
[부산] HR 팀장 (과-차장급),(주)맨파워그룹코리아,부산,http://www.saramin.co.kr/zf_user/jobs/relay/view?isMypage=no&rec_idx=38743909
[경남] 농약/바이오 관련 영업(과-부장급),(주)맨파워그룹코리아,부산,http://www.saramin.co.kr/zf_user/jobs/relay/view?isMypage=no&rec_idx=38735794
[잠원동/수행기사] 국내 유명 주류기업/ 고위임원 수행기사 채용,(주)맨파워그룹코리아,서울,http://www.saramin.co.kr/zf_user/jobs/relay/view?isMypage=no&rec_idx=38729164
[여의도/웹디자이너/포토삽/디자이너] 한국피앤지 질레트 마케팅,(주)맨파워그룹코리아,서울,http://www.saramin.co.kr/zf_user/jobs/relay/view?isMypage=no&rec_idx=38692926
[중구] 외국계 제약회사 Commercial Operations 부서 Admin 채용,(주)맨파워그룹코리아,서울,http://www.saramin.co.kr/zf_user/jobs/relay/view?isMypage=no&rec_idx=38681042
[경남/해외] 무역 경력 임원급,(주)맨파워그룹코리아,부산,http://www.saramin.co.kr/zf_user/jobs/relay/view?isMypage=no&rec_idx=38749058
SAP FI/CO 모듈 컨설턴트,(주)소베텍,서울,http://www.saramin.co.kr/zf_user/jobs/relay/view?isMypage=no&rec_idx=38560031
[양재역/성과급有] 미국계 운송회사 지점 배송기사 채용,(주)맨파워그룹코리아,서울,http://www.saramin.co.kr/zf_user/jobs/relay/view?isMypage=no&rec_idx=38670312
[산휴대체1년/여의도/연3000이상] 외국계소비재기업 구매부 채용,(주)맨파워그룹코리아,서울,http://www.saramin.co.kr/zf_user/jobs/relay/view?isMypage=no&rec_idx=38709004
[삼성역/신입] 글로벌 유명 의료기기사 영업지원 채용,(주)맨파워그룹코리아,서울,http://www.saramin.co.kr/zf_user/jobs/relay/view?isMypage=no&rec_idx=38741440
[마켓컬리] 재무기획 담당자 채용,(주)컬리,서울,http://www.saramin.co.kr/zf_user/jobs/relay/view?isMypage=no&rec_idx=38759125
[역삼역/연3200이상] 글로벌고급주류회사 영업지원 채용,(주)맨파워그룹코리아,서울,http://www.saramin.co.kr/zf_user/jobs/relay/view?isMypage=no&rec_idx=38707476
[강남구/신입가능] 글로벌소비재기업 해외CS 채용(1Y),(주)맨파워그룹코리아,서울,http://www.saramin.co.kr/zf_user/jobs/relay/view?isMypage=no&rec_idx=38704041
[역삼/6개월] 미국계스포츠웨어회사 Retail Marketing Assistant,(주)맨파워그룹코리아,서울,http://www.saramin.co.kr/zf_user/jobs/relay/view?isMypage=no&rec_idx=38721022
[대기업/월199] 두산중공업 회계보조 채용,(주)맨파워그룹코리아,서울,http://www.saramin.co.kr/zf_user/jobs/relay/view?isMypage=no&rec_idx=38699041
[경남] 제조업 / 전기 설계 Engineer(대리-과장급),(주)맨파워그룹코리아,부산,http://www.saramin.co.kr/zf_user/jobs/relay/view?isMypage=no&rec_idx=38735549
[삼성역] 유명IT기업 QA·테스터 모집,(주)맨파워그룹코리아,서울,http://www.saramin.co.kr/zf_user/jobs/relay/view?isMypage=no&rec_idx=38745906
[비서/팀admin/사무지원] 한국피앤지 Product Supply 부서 채용,(주)맨파워그룹코리아,서울,http://www.saramin.co.kr/zf_user/jobs/relay/view?isMypage=no&rec_idx=38709118
[외국계/신입/영업지원/일반사무] 한국피앤지 사무직 채용,(주)맨파워그룹코리아,서울,http://www.saramin.co.kr/zf_user/jobs/relay/view?isMypage=no&rec_idx=38695172
[삼성역] 글로벌 유명 의료기기사 QA Admin O명 채용,(주)맨파워그룹코리아,서울,http://www.saramin.co.kr/zf_user/jobs/relay/view?isMypage=no&rec_idx=38741475
[판교/경력별협의] 글로벌자동차부품기업 HR 채용 (6M~),(주)맨파워그룹코리아,경기,http://www.saramin.co.kr/zf_user/jobs/relay/view?isMypage=no&rec_idx=38758233
[서울역/협의가능] 독일계명품자동차회사 GA Assistant 채용,(주)맨파워그룹코리아,서울,http://www.saramin.co.kr/zf_user/jobs/relay/view?isMypage=no&rec_idx=38717428
프랑스계 유명 뷰티 편집숍 재고관리(QA) 사원 채용,(주)맨파워그룹코리아,서울,http://www.saramin.co.kr/zf_user/jobs/relay/view?isMypage=no&rec_idx=38734707
[역삼/정규직전환] 헬스케어회사 CS 인바운드 채용,(주)맨파워그룹코리아,서울,http://www.saramin.co.kr/zf_user/jobs/relay/view?isMypage=no&rec_idx=38734735
[여의도/대졸/신입/planning/사무지원] 한국피앤지 생산관리 채,(주)맨파워그룹코리아,서울,http://www.saramin.co.kr/zf_user/jobs/relay/view?isMypage=no&rec_idx=38716786
[삼성역] 글로벌가스솔루션기업 구매팀 직원 채용,(주)맨파워그룹코리아,서울,http://www.saramin.co.kr/zf_user/jobs/relay/view?isMypage=no&rec_idx=38707915
[수도권/VM/상여및인센티브有] 라코스테 VMD 채용,(주)맨파워그룹코리아,서울,http://www.saramin.co.kr/zf_user/jobs/relay/view?isMypage=no&rec_idx=38687363
[경남 외국계] Sales Engineer(펌프 세일즈 엔지니어/차장급),(주)맨파워그룹코리아,경남,http://www.saramin.co.kr/zf_user/jobs/relay/view?isMypage=no&rec_idx=38705659
[경남]자동차 부품 Actuator/전장품 설계 개발 경력자,(주)맨파워그룹코리아,경남,http://www.saramin.co.kr/zf_user/jobs/relay/view?isMypage=no&rec_idx=38706328
"[서대문역]글로벌 커피 브랜드, IT Coordinator 포지션 채용",(주)맨파워그룹코리아,서울,http://www.saramin.co.kr/zf_user/jobs/relay/view?isMypage=no&rec_idx=38664507
[Oral-b/웹디자인/배너/상세페이지] 한국피앤지 웹디자이너 채용,(주)맨파워그룹코리아,서울,http://www.saramin.co.kr/zf_user/jobs/relay/view?isMypage=no&rec_idx=38664749
[삼성역] 독일계 유명 스포츠카 기업 CIC Assistant 채용,(주)맨파워그룹코리아,서울,http://www.saramin.co.kr/zf_user/jobs/relay/view?isMypage=no&rec_idx=38631745
[광화문/급여협의] 글로벌해양에너지기업 인보이싱 담당 채용,(주)맨파워그룹코리아,서울,http://www.saramin.co.kr/zf_user/jobs/relay/view?isMypage=no&rec_idx=38665457
유명회계법인/전환가능 - 본부 임원비서 채용,(주)맨파워그룹코리아,서울,http://www.saramin.co.kr/zf_user/jobs/relay/view?isMypage=no&rec_idx=38695659
[한국쓰리엠/신입가능] Digital Marketing Contents 지원 모집,(주)맨파워그룹코리아,서울,http://www.saramin.co.kr/zf_user/jobs/relay/view?isMypage=no&rec_idx=38756589
[한강진/연3200만 이상] 외국계 의료기기 회사 RA(인허가) 채용,(주)맨파워그룹코리아,서울,http://www.saramin.co.kr/zf_user/jobs/relay/view?isMypage=no&rec_idx=38764858
[합정역/연2800만이상] 글로벌항공운송기업 Sales Admin 모집,(주)맨파워그룹코리아,서울,http://www.saramin.co.kr/zf_user/jobs/relay/view?isMypage=no&rec_idx=38764962
[삼성역/1Y/외국계] 패션 품질 및 재고관리 담당자 모집,(주)맨파워그룹코리아,서울,http://www.saramin.co.kr/zf_user/jobs/relay/view?isMypage=no&rec_idx=38686645
[마켓컬리] 물류센터 안전관리자 채용,(주)컬리,서울,http://www.saramin.co.kr/zf_user/jobs/relay/view?isMypage=no&rec_idx=38710270
"[인천공항/연3,000이상] 글로벌 항공운송사 수입화물 담당자모집",(주)맨파워그룹코리아,인천,http://www.saramin.co.kr/zf_user/jobs/relay/view?isMypage=no&rec_idx=38763806
[합정/연3000이상] 글로벌항공운송기업 Marketing admin 모집,(주)맨파워그룹코리아,서울,http://www.saramin.co.kr/zf_user/jobs/relay/view?isMypage=no&rec_idx=38660670
[마켓컬리] 남양주 물류센터 채용팀 모집,(주)컬리,경기,http://www.saramin.co.kr/zf_user/jobs/relay/view?isMypage=no&rec_idx=38604950
세일즈포스 초중급 컨설턴트 및 개발자 채용,(주)소베텍,서울,http://www.saramin.co.kr/zf_user/jobs/relay/view?isMypage=no&rec_idx=38606788
[1Y/강남구] 외국계태양광기업 영업지원팀 사원 채용,(주)맨파워그룹코리아,서울,http://www.saramin.co.kr/zf_user/jobs/relay/view?isMypage=no&rec_idx=38752316
[SQL/Data관리/Excel사무지원] 한국피앤지 IT Team Support,(주)맨파워그룹코리아,서울,http://www.saramin.co.kr/zf_user/jobs/relay/view?isMypage=no&rec_idx=38664878
[용산/8개월] 독일계유명소비재기업 eCommerce Shopper Marketin,(주)맨파워그룹코리아,서울,http://www.saramin.co.kr/zf_user/jobs/relay/view?isMypage=no&rec_idx=38751433
[안산/신입가능] 외국계 의료기기업 기술지원 직무 (공학계열),(주)맨파워그룹코리아,경기,http://www.saramin.co.kr/zf_user/jobs/relay/view?isMypage=no&rec_idx=38684951
[인사/중구] 외국계 글로벌 제약회사 HR Admin 채용,(주)맨파워그룹코리아,서울,http://www.saramin.co.kr/zf_user/jobs/relay/view?isMypage=no&rec_idx=38726232
[1Y/서대문] 글로벌커피머신기업 HR Coordinator 채용,(주)맨파워그룹코리아,서울,http://www.saramin.co.kr/zf_user/jobs/relay/view?isMypage=no&rec_idx=38663834
[충북] 농자재 품질관리 (사원-대리급),(주)맨파워그룹코리아,부산,http://www.saramin.co.kr/zf_user/jobs/relay/view?isMypage=no&rec_idx=38749125
AI 솔루션 개발 및 기획(Data Engineer / Scientist) 채용,(주)소베텍,서울,http://www.saramin.co.kr/zf_user/jobs/relay/view?isMypage=no&rec_idx=38475142
[잠실역] 외국계 제약회사 Assistant 팀비서 채용,(주)맨파워그룹코리아,서울,http://www.saramin.co.kr/zf_user/jobs/relay/view?isMypage=no&rec_idx=38755143
[1Y/서초] 국내유명화장품기업 정산직 채용,(주)맨파워그룹코리아,서울,http://www.saramin.co.kr/zf_user/jobs/relay/view?isMypage=no&rec_idx=38716407
[삼성역] 글로벌 의료기 기업 Accountant경력직 채용,(주)맨파워그룹코리아,서울,http://www.saramin.co.kr/zf_user/jobs/relay/view?isMypage=no&rec_idx=38729193
(주)세스코 교육 기획관리 경력직 모집(경력 5년 이상),(주)세스코,서울,http://www.saramin.co.kr/zf_user/jobs/relay/view?isMypage=no&rec_idx=38772724
외국계여신기업-금융영업 헬스케어,(주)스카우트,서울,http://www.saramin.co.kr/zf_user/jobs/relay/view?isMypage=no&rec_idx=38712362
[대구] JAVA / React 웹 개발 (경력 5~8년),(주)스카우트,서울,http://www.saramin.co.kr/zf_user/jobs/relay/view?isMypage=no&rec_idx=38761981
오픈소스기반 Java 기술 전문가 (삼성계열 SW 전문기업),(주)스카우트,서울,http://www.saramin.co.kr/zf_user/jobs/relay/view?isMypage=no&rec_idx=38762056
제조사 전략 PI 컨설팅 (국내 최고대기업 계열),(주)스카우트,서울,http://www.saramin.co.kr/zf_user/jobs/relay/view?isMypage=no&rec_idx=38713679
전자업종 영업/마케팅/CRM 컨설팅 (국내 최고대기업 계열),(주)스카우트,서울,http://www.saramin.co.kr/zf_user/jobs/relay/view?isMypage=no&rec_idx=38730612
클라우드 전환 프로젝트 PM (삼성계열 SW 전문기업),(주)스카우트,서울,http://www.saramin.co.kr/zf_user/jobs/relay/view?isMypage=no&rec_idx=38762077
클라우드 전환 Application Architect (삼성계열 SW 전문기업),(주)스카우트,서울,http://www.saramin.co.kr/zf_user/jobs/relay/view?isMypage=no&rec_idx=38762206
임상 개발 - 대형제약사,(주)스카우트,서울,http://www.saramin.co.kr/zf_user/jobs/relay/view?isMypage=no&rec_idx=38749947
인허가 등록 (RA) -국내외,(주)스카우트,서울,http://www.saramin.co.kr/zf_user/jobs/relay/view?isMypage=no&rec_idx=38749942
오픈소스기반 Java Framework 전문가 (삼성계열 SW 전문기업),(주)스카우트,서울,http://www.saramin.co.kr/zf_user/jobs/relay/view?isMypage=no&rec_idx=38762012
오픈소스기반 미들웨어 기술지원 (삼성계열 SW 전문기업),(주)스카우트,서울,http://www.saramin.co.kr/zf_user/jobs/relay/view?isMypage=no&rec_idx=38761999
[군산] 상장기업 제조공장 공무팀 계전파트 (경력 3~8년),(주)스카우트,서울,http://www.saramin.co.kr/zf_user/jobs/relay/view?isMypage=no&rec_idx=38721457
"반도체, 전자제조업 PI (SAP MM, SD) 컨설턴트",(주)스카우트,서울,http://www.saramin.co.kr/zf_user/jobs/relay/view?isMypage=no&rec_idx=38713669
클라우드 전환 Pre-Sales  (삼성계열 SW 전문기업),(주)스카우트,서울,http://www.saramin.co.kr/zf_user/jobs/relay/view?isMypage=no&rec_idx=38752624
"연구소 우수인재 모집(SW, HW, FW,영상처리,AI,기구설계,인허가)",(주)제노레이,경기,http://www.saramin.co.kr/zf_user/jobs/relay/view?isMypage=no&rec_idx=38725120
"외국계 화장품기업, 뷰티마케터 ,사원급,계약직 ,서울강남",(주)스카우트,서울,http://www.saramin.co.kr/zf_user/jobs/relay/view?isMypage=no&rec_idx=38730708
B2C 헬스케어 서비스 QA/QC,(주)스카우트,서울,http://www.saramin.co.kr/zf_user/jobs/relay/view?isMypage=no&rec_idx=38725948
[외국계스포츠의류] AP Accountant (경력),켈리서비스 유한회사,서울,http://www.saramin.co.kr/zf_user/jobs/relay/view?isMypage=no&rec_idx=38727041
[대구] 안드로이드 앱 개발 (경력 2~6년),(주)스카우트,서울,http://www.saramin.co.kr/zf_user/jobs/relay/view?isMypage=no&rec_idx=38748700
"생산부문 우수인재 모집(품질관리, 생산직, 출하/포장)",(주)제노레이,경기,http://www.saramin.co.kr/zf_user/jobs/relay/view?isMypage=no&rec_idx=38725169
B2C 헬스케어 서비스 개발 PL,(주)스카우트,서울,http://www.saramin.co.kr/zf_user/jobs/relay/view?isMypage=no&rec_idx=38726017
마케팅 전략 컨설턴트 (국내 최고대기업 계열),(주)스카우트,서울,http://www.saramin.co.kr/zf_user/jobs/relay/view?isMypage=no&rec_idx=38705417
[딜로이트 안진회계법인] 재무자문본부 Financial Crisis 변호사,안진회계법인,서울,http://www.saramin.co.kr/zf_user/jobs/relay/view?isMypage=no&rec_idx=38751391
마케팅 데이타 분석 컨설턴트 (국내 최고대기업 계열),(주)스카우트,서울,http://www.saramin.co.kr/zf_user/jobs/relay/view?isMypage=no&rec_idx=38705402
[메쉬코리아(부릉)] 매뉴얼 작성 업무지원,(주)메쉬코리아,서울,http://www.saramin.co.kr/zf_user/jobs/relay/view?isMypage=no&rec_idx=38742415
[Mesh Korea-VROONG] 물류운영실 데이터관리,(주)메쉬코리아,서울,http://www.saramin.co.kr/zf_user/jobs/relay/view?isMypage=no&rec_idx=38683853
Near Patient Medical Team - Nurse (간호사),인터내셔날에스오에스코리아(주),서울,http://www.saramin.co.kr/zf_user/jobs/relay/view?isMypage=no&rec_idx=38648197
(주)그린카 사업지원실 차량 배치 및 운영 계약직 채용,(주)그린카,서울,http://www.saramin.co.kr/zf_user/jobs/relay/view?isMypage=no&rec_idx=38734413
컴퓨터시스템 및 네트워크관련 기술엔지니어 모집(경력),(주)유비텍,대구,http://www.saramin.co.kr/zf_user/jobs/relay/view?isMypage=no&rec_idx=38628965
컴퓨터시스템 및 네트워크관련 기술엔지니어 모집(신입),(주)유비텍,대구,http://www.saramin.co.kr/zf_user/jobs/relay/view?isMypage=no&rec_idx=38628682
IT솔루션 영업대표(기술영업) 채용,㈜온더아이티,경기,http://www.saramin.co.kr/zf_user/jobs/relay/view?isMypage=no&rec_idx=38746087
생활가전 안전인증 영업 담당자 (5년 이상),유엘코리아 주식회사,서울,http://www.saramin.co.kr/zf_user/jobs/relay/view?isMypage=no&rec_idx=38521313
클라랑스코리아유한회사 Trainer 모집,클라랑스코리아(유),서울,http://www.saramin.co.kr/zf_user/jobs/relay/view?isMypage=no&rec_idx=38761938
GUESS KOREA] Accounting 채용(정규직),게스홀딩스코리아유한회사,서울,http://www.saramin.co.kr/zf_user/jobs/relay/view?isMypage=no&rec_idx=38602134
Gucci Korea 2020 하반기 신입 및 경력 특별 채용,구찌코리아(유),서울,http://www.saramin.co.kr/zf_user/jobs/relay/view?isMypage=no&rec_idx=38707364
UIB Korea Finance & Management team,(주)유아이비손해보험중개,서울,http://www.saramin.co.kr/zf_user/jobs/relay/view?isMypage=no&rec_idx=38756324
[기간제] 한국스탠다드차타드증권 투자금융부(M&A팀) 기간제 3개월 직원 채용,(주)한국스탠다드차타드은행,서울,http://www.saramin.co.kr/zf_user/jobs/relay/view?isMypage=no&rec_idx=38757833
[한컴그룹] 로봇연구개발/경영지원 및 영업 책임자 채용,(주)한컴로보틱스,경기,http://www.saramin.co.kr/zf_user/jobs/relay/view?isMypage=no&rec_idx=38605277
영업(MR) 신입.경력사원 모집 [전주],국제약품(주),전북,http://www.saramin.co.kr/zf_user/jobs/relay/view?isMypage=no&rec_idx=38743689
[아지앙스코리아] 경력직 디지털 마케터 채용,아지앙스코리아㈜,서울,http://www.saramin.co.kr/zf_user/jobs/relay/view?isMypage=no&rec_idx=38761162
연구관리팀장 초빙,(주)잡뉴스솔로몬서치,경기,http://www.saramin.co.kr/zf_user/jobs/relay/view?isMypage=no&rec_idx=38731020
Cloud 개발 전문가 초빙,(주)잡뉴스솔로몬서치,경기,http://www.saramin.co.kr/zf_user/jobs/relay/view?isMypage=no&rec_idx=38731001
공시팀장 초빙,(주)잡뉴스솔로몬서치,서울,http://www.saramin.co.kr/zf_user/jobs/relay/view?isMypage=no&rec_idx=38731039
[개인정보보호 Risk 관리] - 대기업 계열사,(주)에이치알그룹,서울,http://www.saramin.co.kr/zf_user/jobs/relay/view?isMypage=no&rec_idx=38749257
"[QA, 테스트 자동화]  - 대기업 계열사",(주)에이치알그룹,서울,http://www.saramin.co.kr/zf_user/jobs/relay/view?isMypage=no&rec_idx=38749288
리스크관리 & 컴플라이언스 [주임 - 과장],(주)유비소시어스,서울,http://www.saramin.co.kr/zf_user/jobs/relay/view?isMypage=no&rec_idx=38743680
[종로/D타워] 대림산업 행정사무직 채용(회계경력우대),동호에이치알(주),서울,http://www.saramin.co.kr/zf_user/jobs/relay/view?isMypage=no&rec_idx=38754521
Back-end 개발 팀장(8년이상) - 플랫폼 기업,(주)에이치알그룹,서울,http://www.saramin.co.kr/zf_user/jobs/relay/view?isMypage=no&rec_idx=38741983
앱(안드로이드/iO) 개발 팀장(8년이상) -플랫폼기업,(주)에이치알그룹,서울,http://www.saramin.co.kr/zf_user/jobs/relay/view?isMypage=no&rec_idx=38742002
인사기획(8~12년) - 국내대기업 계열사,(주)에이치알그룹,서울,http://www.saramin.co.kr/zf_user/jobs/relay/view?isMypage=no&rec_idx=38741681
의료기기 해외영업/마케팅 (3년이상) - 의료기기 기업,(주)에이치알그룹,서울,http://www.saramin.co.kr/zf_user/jobs/relay/view?isMypage=no&rec_idx=38741756
영상처리 알고리즘 개발  (3년 이상) - 국내중견 의료기기 업체,(주)에이치알그룹,서울,http://www.saramin.co.kr/zf_user/jobs/relay/view?isMypage=no&rec_idx=38741764
국내 유망스타트업에서 CTO(Chief Technology Officer)를 모십니,(주)에이치알그룹,서울,http://www.saramin.co.kr/zf_user/jobs/relay/view?isMypage=no&rec_idx=38745451
영상기기 SW 개발  (3년 이상) - 국내중견 의료기기 업체,(주)에이치알그룹,서울,http://www.saramin.co.kr/zf_user/jobs/relay/view?isMypage=no&rec_idx=38741797
경영기획(2 ~ 3년) - 국내 미디어 선두기업,(주)에이치알그룹,서울,http://www.saramin.co.kr/zf_user/jobs/relay/view?isMypage=no&rec_idx=38741925
Front-End 개발  (2년 이상) - 인공지능 의료 소프트웨어 기업,(주)에이치알그룹,서울,http://www.saramin.co.kr/zf_user/jobs/relay/view?isMypage=no&rec_idx=38742216
"윤리경영 (대리-과장급) - 반도체, 디스플레이 특수 화학소재",(주) 잡뉴스솔로몬서치,서울,http://www.saramin.co.kr/zf_user/jobs/relay/view?isMypage=no&rec_idx=38742608
ASIC 설계 전문가 초빙,(주)잡뉴스솔로몬서치,경기,http://www.saramin.co.kr/zf_user/jobs/relay/view?isMypage=no&rec_idx=38730991
AI 전문가 초빙,(주)잡뉴스솔로몬서치,경기,http://www.saramin.co.kr/zf_user/jobs/relay/view?isMypage=no&rec_idx=38730999
세라믹 합성 개발 전문가 초빙,(주)잡뉴스솔로몬서치,경기,http://www.saramin.co.kr/zf_user/jobs/relay/view?isMypage=no&rec_idx=38731035
기계 엔지니어(8년이상) - 로봇 스타트업기업,(주)에이치알그룹,서울,http://www.saramin.co.kr/zf_user/jobs/relay/view?isMypage=no&rec_idx=38741889
경영기획(3 ~ 8년) - 의료 SW 기업,(주)에이치알그룹,서울,http://www.saramin.co.kr/zf_user/jobs/relay/view?isMypage=no&rec_idx=38741736
"[머신러닝, 검색랭킹 개발] - 대기업 계열사",(주)에이치알그룹,서울,http://www.saramin.co.kr/zf_user/jobs/relay/view?isMypage=no&rec_idx=38704373
지주사 경영기획팀 (관련 경력 10년 전후 : SR /JR 각2명 ),(주)에이치알그룹,서울,http://www.saramin.co.kr/zf_user/jobs/relay/view?isMypage=no&rec_idx=38760353
[네트워크 솔루션 엔지니어-SE] - 외국계 회사,(주)에이치알그룹,서울,http://www.saramin.co.kr/zf_user/jobs/relay/view?isMypage=no&rec_idx=38704430
엔진 무빙 설계 전문가 초빙,(주)잡뉴스솔로몬서치,경기,http://www.saramin.co.kr/zf_user/jobs/relay/view?isMypage=no&rec_idx=38755024
엔진 흡/배기 설계 전문가 초빙,(주)잡뉴스솔로몬서치,경기,http://www.saramin.co.kr/zf_user/jobs/relay/view?isMypage=no&rec_idx=38755036
[온라인 PB 브랜드 상품기획 MD] - 커머스 회사,(주)에이치알그룹,서울,http://www.saramin.co.kr/zf_user/jobs/relay/view?isMypage=no&rec_idx=38763495
"[유망 기술강소기업] PPE 제품 마케팅 기획,관리 경력자 채용",(주)에이치알그룹,경기,http://www.saramin.co.kr/zf_user/jobs/relay/view?isMypage=no&rec_idx=38751849
[종로/본사] 대림산업 행정사무직 채용(회계경력우대),동호에이치알(주),서울,http://www.saramin.co.kr/zf_user/jobs/relay/view?isMypage=no&rec_idx=38678806
테스트 엔지니어(8년이상) - 로봇 스타트업기업,(주)에이치알그룹,서울,http://www.saramin.co.kr/zf_user/jobs/relay/view?isMypage=no&rec_idx=38741870
UX 디자인 팀장(8년이상) -플랫폼기업,(주)에이치알그룹,서울,http://www.saramin.co.kr/zf_user/jobs/relay/view?isMypage=no&rec_idx=38742074
[앱 서비스 플랫폼 개발] java - 대기업 계열사,(주)에이치알그룹,서울,http://www.saramin.co.kr/zf_user/jobs/relay/view?isMypage=no&rec_idx=38749296
"[결제, payment 서비스기획] - 대기업 계열사",(주)에이치알그룹,서울,http://www.saramin.co.kr/zf_user/jobs/relay/view?isMypage=no&rec_idx=38704526
[생활용품 직매입 MD] - 커머스 회사,(주)에이치알그룹,서울,http://www.saramin.co.kr/zf_user/jobs/relay/view?isMypage=no&rec_idx=38763452
Back-end 개발  (2년 이상) - 인공지능 의료 소프트웨어 기업,(주)에이치알그룹,서울,http://www.saramin.co.kr/zf_user/jobs/relay/view?isMypage=no&rec_idx=38742243
웹 개발(Java/Jsp/Ajax/Spring) 경력직 채용,(주)에이치알그룹,서울,http://www.saramin.co.kr/zf_user/jobs/relay/view?isMypage=no&rec_idx=38716010
일본계 기업: 경리 경력사원 모집,㈜포켓몬코리아,경기,http://www.saramin.co.kr/zf_user/jobs/relay/view?isMypage=no&rec_idx=38596303
[아지앙스코리아] 경력직 디지털 프로젝트 매니저,아지앙스코리아㈜,서울,http://www.saramin.co.kr/zf_user/jobs/relay/view?isMypage=no&rec_idx=38528428
S/W Engineer 초빙,(주)잡뉴스솔로몬서치,경기,http://www.saramin.co.kr/zf_user/jobs/relay/view?isMypage=no&rec_idx=38755253
로봇 SW 개발자 (5년이상) - 로봇기업,(주)에이치알그룹,서울,http://www.saramin.co.kr/zf_user/jobs/relay/view?isMypage=no&rec_idx=38741774
교육담당자 (5~8년) - 국내 중견 유통기업,(주)에이치알그룹,서울,http://www.saramin.co.kr/zf_user/jobs/relay/view?isMypage=no&rec_idx=38741807
[아지앙스코리아] 경력직 UX 프로젝트 매니저 채용,아지앙스코리아㈜,서울,http://www.saramin.co.kr/zf_user/jobs/relay/view?isMypage=no&rec_idx=38761136
[대리-과장급] 컨텐츠기획 실무자,(주)유비소시어스,서울,http://www.saramin.co.kr/zf_user/jobs/relay/view?isMypage=no&rec_idx=38755624
자동화설비 전장엔지니어 채용,(주)신암,경남,http://www.saramin.co.kr/zf_user/jobs/relay/view?isMypage=no&rec_idx=38465637
범진전자 연구소 기구/소프트/음향개발 경력직 인력 모집,범진전자(주),경기,http://www.saramin.co.kr/zf_user/jobs/relay/view?isMypage=no&rec_idx=38691043
국내/글로벌 No.1 DB설계 도구인 erwin 엔지니어 모집,(주)소프트베르크,서울,http://www.saramin.co.kr/zf_user/jobs/relay/view?isMypage=no&rec_idx=38668166
범진시엔엘 품질팀 신입 및 경력 인력 모집,범진전자(주),경기,http://www.saramin.co.kr/zf_user/jobs/relay/view?isMypage=no&rec_idx=38721248
구매팀 전략구매 담당 경력자 모집,범진전자(주),경기,http://www.saramin.co.kr/zf_user/jobs/relay/view?isMypage=no&rec_idx=38736348
범진 Unit개발 신입사원 모집,범진전자(주),경기,http://www.saramin.co.kr/zf_user/jobs/relay/view?isMypage=no&rec_idx=38699697
자동화설비 제작 엔지니어 경력자 채용,(주)신암,경남,http://www.saramin.co.kr/zf_user/jobs/relay/view?isMypage=no&rec_idx=38465644
자동화설비 제작 PM 경력자 채용,(주)신암,경남,http://www.saramin.co.kr/zf_user/jobs/relay/view?isMypage=no&rec_idx=38465626
구매팀 물류&무역 담당자 채용,범진전자(주),경기,http://www.saramin.co.kr/zf_user/jobs/relay/view?isMypage=no&rec_idx=38633259
범진전자 연구소 running / 회로개발 경력직 인력 모집,범진전자(주),경기,http://www.saramin.co.kr/zf_user/jobs/relay/view?isMypage=no&rec_idx=38691028
재무회계(원가관리) 담당자 채용,범진전자(주),경기,http://www.saramin.co.kr/zf_user/jobs/relay/view?isMypage=no&rec_idx=38665003
LMFriends에서 컨텐츠 기획 및 바이럴마케팅 경력직을 찾습니다,(주)엘엠프랜즈,서울,http://www.saramin.co.kr/zf_user/jobs/relay/view?isMypage=no&rec_idx=38549233
Logistics Operator 물류 오퍼레이터,GSDK,전남,http://www.saramin.co.kr/zf_user/jobs/relay/view?isMypage=no&rec_idx=38601424
온라인 광고대행사 영업(AE) 신입사원 모집,(주)와이마케팅그룹,서울,http://www.saramin.co.kr/zf_user/jobs/relay/view?isMypage=no&rec_idx=38737047
ESS PCS 제어 전력기기 설계 분석,HR컨설팅(주),서울,http://www.saramin.co.kr/zf_user/jobs/relay/view?isMypage=no&rec_idx=38731282
2차전지 Cell 개발 경력(그룹사),HR컨설팅(주),충남,http://www.saramin.co.kr/zf_user/jobs/relay/view?isMypage=no&rec_idx=38731290
SAP 모듈(CO BC) 운영(그룹사),HR컨설팅(주),서울,http://www.saramin.co.kr/zf_user/jobs/relay/view?isMypage=no&rec_idx=38731297
전지 전극와인더 개발 엔지니어(그룹사),HR컨설팅(주),서울,http://www.saramin.co.kr/zf_user/jobs/relay/view?isMypage=no&rec_idx=38731306
자동차용 제어기 Application S/W 설계,HR컨설팅(주),경기,http://www.saramin.co.kr/zf_user/jobs/relay/view?isMypage=no&rec_idx=38731281
시스템개발(물류제어시스템 MCS) 엔지니어,HR컨설팅(주),충남,http://www.saramin.co.kr/zf_user/jobs/relay/view?isMypage=no&rec_idx=38731291
Sales Representative (대전),바이엘코리아,서울,http://www.saramin.co.kr/zf_user/jobs/relay/view?isMypage=no&rec_idx=38698845
대기업 두바이법인 물류운영 대리과장급,HR컨설팅(주),아시아·중동,http://www.saramin.co.kr/zf_user/jobs/relay/view?isMypage=no&rec_idx=38750338
폴리머전지 Cell설계 개발(경력),HR컨설팅(주),충남,http://www.saramin.co.kr/zf_user/jobs/relay/view?isMypage=no&rec_idx=38731287
CAE 열유동해석 및 TMS 설계연구원(그룹사),HR컨설팅(주),충남,http://www.saramin.co.kr/zf_user/jobs/relay/view?isMypage=no&rec_idx=38731296
차부품(Pack) CAD 설계 및 개발(그룹사),HR컨설팅(주),경기,http://www.saramin.co.kr/zf_user/jobs/relay/view?isMypage=no&rec_idx=38731311
2차전지 원형전지 개발 경력(그룹사),HR컨설팅(주),충남,http://www.saramin.co.kr/zf_user/jobs/relay/view?isMypage=no&rec_idx=38731284
MES 시스템개발 엔지니어(그룹사),HR컨설팅(주),충남,http://www.saramin.co.kr/zf_user/jobs/relay/view?isMypage=no&rec_idx=38731293
ESS 제어 알고리즘 개발 경력(그룹사),HR컨설팅(주),충남,http://www.saramin.co.kr/zf_user/jobs/relay/view?isMypage=no&rec_idx=38731300
Motion 제어 및 Web 제어(UMAC 등) 개발(그룹사),HR컨설팅(주),충남,http://www.saramin.co.kr/zf_user/jobs/relay/view?isMypage=no&rec_idx=38731308
"양극활물질, 바인더 슬러리 믹싱 경력(그룹사)",HR컨설팅(주),울산전체,http://www.saramin.co.kr/zf_user/jobs/relay/view?isMypage=no&rec_idx=38731283
차 제어 Basic S/W 설계(그룹사),HR컨설팅(주),경기,http://www.saramin.co.kr/zf_user/jobs/relay/view?isMypage=no&rec_idx=38731301
Vision 검사 영상처리 알고리즘 개발(그룹사),HR컨설팅(주),경기,http://www.saramin.co.kr/zf_user/jobs/relay/view?isMypage=no&rec_idx=38731309
AI/Big Data 연구원(그룹사),HR컨설팅(주),충남,http://www.saramin.co.kr/zf_user/jobs/relay/view?isMypage=no&rec_idx=38731315
글로벌컨설팅펌 IT Consultant 사원부장급,HR컨설팅(주),서울,http://www.saramin.co.kr/zf_user/jobs/relay/view?isMypage=no&rec_idx=38722955
[메디테라피] 100배 성장 하실분을 찾습니다.,(주)메디테라피,서울,http://www.saramin.co.kr/zf_user/jobs/relay/view?isMypage=no&rec_idx=38698628
대기업 두바이법인 온라인 Product Manager 사원말과장급,HR컨설팅(주),아시아·중동,http://www.saramin.co.kr/zf_user/jobs/relay/view?isMypage=no&rec_idx=38750284
방송솔루션 기업 C / C++ 개발자 사원대리초,HR컨설팅(주),서울전체,http://www.saramin.co.kr/zf_user/jobs/relay/view?isMypage=no&rec_idx=38750306
대기업 브라질법인 물류 운영 사원말과장급,HR컨설팅(주),남미,http://www.saramin.co.kr/zf_user/jobs/relay/view?isMypage=no&rec_idx=38750332
대기업 사우디법인 SCM Coordinator 사원말과장초,HR컨설팅(주),아시아·중동,http://www.saramin.co.kr/zf_user/jobs/relay/view?isMypage=no&rec_idx=38750360
2020년 경력사원 공개채용 (마케팅운영),(주)그린위치,서울,http://www.saramin.co.kr/zf_user/jobs/relay/view?isMypage=no&rec_idx=38502969
Sr. Executive Assistant (임원비서/영어 상),쿠팡풀필먼트서비스(유),경기,http://www.saramin.co.kr/zf_user/jobs/relay/view?isMypage=no&rec_idx=38748044
자동차용 제어기 H/W 설계 개발(그룹사),HR컨설팅(주),경기,http://www.saramin.co.kr/zf_user/jobs/relay/view?isMypage=no&rec_idx=38731286
배터리 바인더 개발 경력(그룹사),HR컨설팅(주),경기,http://www.saramin.co.kr/zf_user/jobs/relay/view?isMypage=no&rec_idx=38731304
대기업 세네갈법인 SCM Coordinator 사원급,HR컨설팅(주),아프리카,http://www.saramin.co.kr/zf_user/jobs/relay/view?isMypage=no&rec_idx=38722939
글로벌컨설팅펌 HCM Consultant 대리과장급,HR컨설팅(주),서울전체,http://www.saramin.co.kr/zf_user/jobs/relay/view?isMypage=no&rec_idx=38722953
